{"head_preds": [2, 3, 4], "body_preds": [0, 1], "body_mu": [0.3834415188257777, 0.7917250380826646], "head_mu": [0.4375872112626925, 0.8917730007820798, 0.9636627605010293], "horizon": 20, "rules": [[1, 2, 4], [2, 3], [0, 1, 4], [1, 3, 4], [4, 3]], "rule_weights": [1.764052345967664, 0.4001572083672233, 0.9787379841057392, 2.240893199201458, 1.8675579901499675], "data_seed": 0}