{"head_preds": [5, 6, 7, 8, 9], "body_preds": [0, 1, 2, 3, 4], "body_mu": [0.6681492652721726, 0.3739996459528828, 0.004042560505970294, 0.7535849514108441, 0.9964553591948843], "head_mu": [0.7785668281752156, 0.06650668314899899, 0.42957156548356046, 0.1894788362924522, 0.34971622541930636], "horizon": 20, "rules": [[5, 7, 6], [7, 5], [1, 7], [2, 7], [4, 9, 8], [0, 4, 7], [0, 8, 9], [2, 8, 5], [5, 8, 7], [2, 6, 8]], "rule_weights": [-0.07720066449424892, 1.2418029788615996, -1.7028545560045545, -1.5942697752527206, -3.015043783571395, -0.01902549235098702, -0.032010642582954336, -0.48214818395904874, -1.2755410719879554, -1.8667880340163072]}