{"head_preds": [13, 14, 15, 16, 17, 18, 19], "body_preds": [0, 1, 2, 3, 4, 5, 6, 7, 8, 9, 10, 11, 12], "body_mu": [0.5684339488686485, 0.018789800436355142, 0.6176354970758771, 0.6120957227224214, 0.6169339968747569, 0.9437480785146242, 0.6818202991034834, 0.359507900573786, 0.43703195379934145, 0.6976311959272649, 0.06022547162926983, 0.6667667154456677, 0.6706378696181594], "head_mu": [0.1433532874090464, 0.9446689170495839, 0.5218483217500717, 0.4146619399905236, 0.26455561210462697, 0.7742336894342167, 0.45615033221654855], "horizon": 20, "rules": [[0, 10, 17], [5, 8, 17], [3, 17, 13], [9, 16, 15], [4, 17, 18], [1, 10, 18], [2, 19, 17], [1, 17, 16], [0, 8, 18], [11, 13, 16], [2, 3, 19], [2, 17, 15], [3, 17, 18], [4, 16, 14], [7, 16], [4, 17, 14], [4, 14], [7, 10, 19], [7, 18, 15], [8, 14, 18]], "rule_weights": [1.764052345967664, 0.4001572083672233, 0.9787379841057392, 2.240893199201458, 1.8675579901499675, -0.977277879876411, 0.9500884175255894, -0.1513572082976979, -0.10321885179355784, 0.41059850193837233, 0.144043571160878, 1.454273506962975, 0.7610377251469934, 0.12167501649282841, 0.44386323274542566, 0.33367432737426683, 1.4940790731576061, -0.20515826376580087, 0.31306770165090136, -0.8540957393017248], "data_seed": 0}