{"head_preds": [32, 33, 34, 35, 36, 37, 38, 39], "body_preds": [0, 1, 2, 3, 4, 5, 6, 7, 8, 9, 10, 11, 12, 13, 14, 15, 16, 17, 18, 19, 20, 21, 22, 23, 24, 25, 26, 27, 28, 29, 30, 31], "body_mu": [0.018789800436355142, 0.6176354970758771, 0.6120957227224214, 0.6169339968747569, 0.9437480785146242, 0.6818202991034834, 0.359507900573786, 0.43703195379934145, 0.6976311959272649, 0.06022547162926983, 0.6667667154456677, 0.6706378696181594, 0.2103825610738409, 0.1289262976548533, 0.31542835092418386, 0.3637107709426226, 0.5701967704178796, 0.43860151346232035, 0.9883738380592262, 0.10204481074802807, 0.2088767560948347, 0.16130951788499626, 0.6531083254653984, 0.2532916025397821, 0.4663107728563063, 0.24442559200160274, 0.15896958364551972, 0.11037514116430513, 0.6563295894652734, 0.1381829513486138, 0.1965823616800535, 0.3687251706609641], "head_mu": [0.1433532874090464, 0.9446689170495839, 0.5218483217500717, 0.4146619399905236, 0.26455561210462697, 0.7742336894342167, 0.45615033221654855, 0.5684339488686485], "horizon": 20, "rules": [[8, 35, 33], [28, 24, 39], [8, 18, 33], [24, 19, 32], [14, 2, 37], [21, 38], [35, 21, 34], [0, 21, 36], [16, 31, 32], [31, 25, 32], [32, 30, 38], [18, 39], [22, 13, 33], [38, 8, 33], [26, 2, 32], [24, 15, 39], [33, 25, 32], [6, 18, 38], [28, 34, 39], [12, 37]], "rule_weights": [1.764052345967664, 0.4001572083672233, 0.9787379841057392, 2.240893199201458, 1.8675579901499675, -0.977277879876411, 0.9500884175255894, -0.1513572082976979, -0.10321885179355784, 0.41059850193837233, 0.144043571160878, 1.454273506962975, 0.7610377251469934, 0.12167501649282841, 0.44386323274542566, 0.33367432737426683, 1.4940790731576061, -0.20515826376580087, 0.31306770165090136, -0.8540957393017248], "data_seed": 0}